5.04,94.03,0.84,0
5.11,106.83,1.2,0
5.27,198.33,0.98,0
5.29,123.8,1.03,0
5.32,163.6,1.26,0
5.57,426.41,1.19,0
5.61,211.75,1.16,1
5.71,182.24,1.16,1
5.89,414.36,0.97,1
6.02,129.26,0.87,1
6.21,252.26,0.91,1
6.68,72.99,1.19,0
6.85,238.29,0.96,0
7.82,228.7,0.85,0
7.88,297.0,1.2,0
8.12,436.22,1.26,1
8.13,458.85,0.83,0
8.41,285.88,0.98,0
8.56,328.43,0.88,1
8.75,271.99,1.27,1
11.13,144.91,1.26,1
11.73,393.18,1.34,1
12.16,372.57,0.98,1
12.28,296.49,1.01,0
12.32,124.77,0.84,0
12.55,168.52,0.97,1
12.67,208.24,0.85,1
12.78,225.38,0.97,0
13.01,74.09,0.87,0
13.54,260.43,1.23,0
13.64,278.18,0.95,0
13.94,106.69,0.99,0
14.44,312.58,1.09,0
14.76,470.98,1.26,1
14.81,115.61,1.09,1
15.01,233.08,0.85,1
15.31,202.9,1.08,0
15.32,417.68,1.32,1
15.72,157.87,1.18,0
16.18,177.97,1.2,0
17.13,388.93,1.29,0
17.26,188.92,0.99,1
18.0,87.82,0.94,1
18.33,445.76,1.16,0
18.4,426.01,0.91,1
19.14,284.09,1.19,0
19.29,399.81,1.35,0
19.37,383.89,0.8,1
19.62,482.14,1.28,1
19.85,337.63,1.2,0
20.0,160.18,1.14,1
20.22,299.8,0.83,1
20.56,211.65,1.23,0
20.64,129.91,1.11,1
20.84,150.36,1.05,0
20.89,459.58,0.84,0
20.92,405.19,1.16,0
20.96,270.42,1.15,0
21.29,224.63,1.21,0
21.64,203.62,0.97,0
21.66,142.55,1.27,1
21.8,114.38,0.93,1
21.87,279.63,1.1,0
23.03,366.67,0.91,0
23.38,475.61,1.04,1
23.67,435.21,1.12,0
23.71,61.86,0.96,1
24.56,239.85,0.99,0
25.07,487.79,0.81,0
25.39,179.54,1.09,0
25.41,440.9,1.15,1
25.68,389.44,1.17,0
25.7,261.46,0.87,0
25.73,121.99,1.33,1
25.99,399.37,1.14,0
26.06,68.47,1.1,1
26.1,466.56,0.85,1
26.24,96.18,0.92,1
26.25,250.46,1.03,0
26.46,374.23,1.28,1
26.57,170.18,1.31,0
27.87,192.9,1.29,1
28.25,341.53,1.17,0
29.26,357.06,1.31,1
29.37,459.65,0.95,0
29.39,211.59,0.94,0
29.43,406.58,1.21,0
29.75,82.75,1.34,1
29.76,139.69,0.83,0
31.18,351.35,0.92,1
32.04,69.95,1.15,1
32.25,487.6,1.2,1
32.26,376.02,1.2,0
32.36,112.56,0.82,0
32.47,392.89,0.83,1
32.55,284.05,0.97,0
32.66,129.12,1.11,1
32.73,450.73,1.13,0
32.89,367.61,0.96,0
32.92,158.34,1.2,1
33.01,185.89,1.26,1
33.07,177.61,0.89,1
34.06,171.91,1.04,1
34.97,90.34,0.92,0
35.17,473.05,0.89,0
35.59,105.39,1.34,1
36.55,202.76,1.1,0
37.74,337.07,1.01,0
38.15,210.39,0.91,1
38.65,440.85,1.2,1
38.8,407.85,1.0,1
39.98,11.41,1.17,1
40.0,375.47,1.0,1
40.12,363.51,1.07,1
40.35,107.11,1.07,1
40.45,143.41,1.04,0
40.51,98.99,1.34,1
41.16,161.94,0.86,1
41.31,345.28,1.02,0
42.03,155.32,1.2,1
42.4,193.0,1.3,1
42.77,453.8,1.35,1
43.01,79.18,1.18,1
43.32,478.07,1.24,0
43.48,330.39,0.91,0
43.62,122.0,1.21,0
43.93,465.42,0.95,0
44.09,181.76,0.96,0
44.13,169.78,0.81,0
44.35,338.43,1.32,0
44.49,211.67,0.89,0
44.57,408.56,1.23,0
44.78,355.46,1.0,0
44.83,64.51,1.07,0
45.0,392.49,0.81,1
45.53,492.02,1.3,0
46.73,221.48,1.23,0
48.84,197.53,1.19,0
49.05,368.66,0.93,1
49.13,143.18,1.05,1
50.51,108.63,1.34,1
50.69,133.07,1.3,0
50.98,74.66,0.98,1
51.37,191.89,1.29,1
51.44,149.31,1.23,1
51.96,385.86,1.28,1
52.14,88.45,1.33,1
52.89,122.92,1.26,0
53.25,206.14,0.95,0
53.41,415.91,1.29,0
53.46,458.24,1.33,0
53.6,97.0,1.29,1
53.66,166.7,0.88,1
53.89,173.69,1.08,1
54.41,494.95,0.95,0
55.37,82.11,0.89,0
55.47,435.92,1.22,0
56.12,25.44,1.12,1
56.32,406.88,1.2,0
56.4,16.25,1.14,1
56.92,364.64,1.22,1
57.03,198.21,1.11,0
57.14,8.53,1.14,0
57.18,148.81,1.23,1
57.96,128.9,1.01,1
60.52,136.05,0.81,1
60.53,87.31,0.91,1
60.85,95.4,1.24,0
61.23,418.03,1.05,1
61.99,205.24,1.0,1
62.43,392.85,1.33,0
62.63,447.81,1.27,0
62.74,438.46,1.33,0
63.24,484.56,0.84,0
63.37,108.39,0.86,0
63.54,171.74,1.19,1
64.38,118.31,1.04,1
64.56,178.71,1.11,1
64.89,469.97,1.27,0
65.1,28.13,1.06,1
65.54,223.22,0.83,0
65.65,145.73,0.92,1
66.33,335.17,1.16,0
66.47,100.62,1.17,0
67.55,375.86,0.91,1
67.83,258.68,1.35,0
68.37,454.94,0.95,0
68.42,367.77,1.04,1
68.49,275.43,1.15,0
68.52,406.39,1.0,1
68.96,486.28,1.13,0
69.5,391.17,0.82,1
69.78,476.52,1.19,0
70.42,36.94,0.81,1
70.57,137.42,1.34,0
72.14,223.73,1.27,0
72.29,415.85,1.08,1
72.65,102.83,0.86,1
72.68,444.92,1.31,1
73.19,202.77,0.82,1
73.26,356.75,1.26,0
73.41,330.91,1.13,1
73.56,341.56,1.3,0
74.02,120.43,1.1,0
74.11,209.49,0.82,1
75.37,19.33,1.27,1
76.38,378.91,1.13,0
77.44,137.47,1.01,0
78.14,461.89,0.97,0
78.9,179.52,1.29,1
79.13,384.21,0.84,0
79.18,476.25,1.01,0
80.25,118.87,1.33,1
80.85,355.63,0.91,0
80.86,343.78,1.01,0
81.0,490.53,1.11,1
81.3,34.13,0.85,0
82.12,313.93,0.93,1
82.59,218.22,1.24,0
82.61,367.75,0.95,0
83.42,18.56,1.25,1
83.71,321.69,0.87,1
83.8,24.78,0.89,1
84.07,464.91,1.21,1
84.51,299.15,0.9,1
86.45,172.72,1.15,0
88.34,193.8,0.95,1
88.77,481.19,0.89,0
88.78,448.19,1.32,1
89.13,117.59,1.33,0
89.26,24.32,1.1,1
89.35,144.24,0.81,1
89.55,349.03,1.18,0
89.6,110.31,0.96,0
90.0,317.36,0.97,1
90.7,94.64,1.13,1
90.71,331.68,0.85,1
91.67,494.67,0.82,0
92.14,129.7,0.84,1
92.35,214.38,0.81,1
92.55,138.98,1.14,1
93.43,307.13,1.3,1
93.81,468.04,1.17,1
94.15,206.05,0.81,0
95.03,461.15,1.15,0
95.74,7.88,1.25,0
96.24,486.71,1.27,0
96.35,182.05,1.06,1
96.41,299.44,0.92,1
96.75,197.74,0.89,1
97.43,171.84,0.94,1
97.95,145.51,0.86,0
98.49,320.12,1.1,0
100.01,455.11,0.86,0
100.45,112.54,1.02,1
100.61,477.06,1.19,0
100.66,333.8,1.18,1
100.92,284.97,0.93,1
100.95,220.0,1.18,0
100.97,139.43,0.99,0
101.33,471.63,1.1,0
102.51,152.26,1.14,1
102.79,100.9,0.84,0
103.06,277.7,1.01,0
103.58,129.4,1.31,0
103.89,212.92,0.96,0
104.0,120.93,0.84,1
104.79,204.25,1.26,0
105.66,492.41,1.23,1
106.03,180.87,1.23,0
106.05,293.42,0.83,1
106.11,195.76,1.06,0
106.39,144.78,1.13,0
106.81,302.61,1.14,0
107.09,173.05,1.31,0
107.22,254.38,1.2,0
107.86,161.37,0.87,1
108.63,479.45,1.07,1
108.78,313.88,1.12,1
108.86,285.13,1.02,0
108.96,134.68,1.3,1
109.37,270.12,1.07,0
109.4,451.6,0.84,0
109.77,247.58,1.16,0
109.84,114.41,1.3,0
109.88,485.31,1.1,1
111.67,221.94,1.1,1
111.96,325.01,1.04,0
112.09,493.04,1.27,0
112.12,278.78,1.02,1
112.21,214.83,1.26,0
112.61,204.89,1.0,0
112.76,298.28,1.35,0
112.79,256.76,1.01,0
113.45,232.7,1.03,0
113.78,21.02,1.19,1
115.06,167.62,1.15,0
115.85,199.08,1.1,0
117.44,484.56,1.29,1
117.9,179.8,0.88,0
118.57,458.85,0.87,0
118.95,446.71,1.27,1
119.43,475.82,0.83,0
119.66,32.98,0.93,1
120.07,190.88,1.13,1
121.35,230.19,1.25,1
121.44,438.74,1.35,0
121.56,215.62,1.07,0
122.6,74.21,0.8,0
123.06,278.74,1.32,0
123.23,85.94,1.05,0
124.3,475.45,1.02,1
124.49,60.26,1.16,1
124.55,254.4,1.15,0
124.65,202.97,0.86,1
124.68,137.06,0.82,1
125.6,490.19,1.08,1
125.72,29.7,1.0,1
125.8,166.44,1.35,1
126.76,425.78,1.16,1
126.9,445.8,0.85,1
128.36,209.89,0.82,1
129.35,194.25,0.86,0
129.39,100.97,1.0,0
129.87,172.56,0.94,1
129.94,435.29,1.28,0
130.67,229.57,0.86,1
130.9,71.58,0.85,1
131.02,417.16,1.12,1
131.08,456.85,1.11,1
131.78,82.88,0.83,0
132.68,62.18,1.33,1
132.7,36.04,1.33,1
133.38,236.37,0.9,0
133.43,448.29,0.88,0
134.46,490.94,1.06,1
135.14,467.85,0.86,1
135.3,25.58,1.2,0
137.25,200.75,1.13,0
137.26,98.43,1.01,0
137.89,72.75,1.31,1
137.94,245.59,0.91,0
138.38,49.47,0.95,1
139.06,478.27,1.04,0
139.25,89.41,1.04,0
139.53,284.16,1.25,0
139.65,221.83,0.86,1
139.73,9.96,1.04,0
141.01,307.6,1.09,1
141.45,32.76,1.32,0
141.5,215.18,1.24,0
141.5,236.48,0.99,1
141.51,41.55,0.99,1
141.56,172.99,0.86,1
141.63,182.51,0.82,0
141.63,459.27,0.86,0
141.83,487.93,0.9,0
142.64,108.38,1.17,1
142.69,414.9,1.33,0
143.67,492.34,1.3,1
145.27,425.2,0.84,1
145.89,436.57,1.27,1
146.24,445.44,1.25,1
146.54,194.47,0.85,0
146.63,97.56,1.13,1
146.64,246.42,0.87,0
146.97,83.08,0.8,0
147.19,91.57,1.1,1
147.65,206.77,0.87,1
148.17,131.75,1.11,1
148.33,24.45,0.87,1
148.43,236.05,1.19,0
148.6,463.85,1.2,0
148.84,16.53,1.2,0
149.12,44.47,1.05,0
150.18,52.51,0.92,1
150.37,73.37,0.87,1
150.74,217.16,1.28,0
151.18,10.47,1.05,1
151.3,418.62,1.21,1
151.35,176.33,1.27,0
151.65,480.25,1.07,0
152.18,185.0,0.95,0
152.19,39.53,1.26,1
152.19,438.76,1.31,1
152.29,118.44,1.02,0
152.51,87.23,0.81,1
152.58,193.09,0.9,0
152.77,469.25,0.93,1
152.84,209.94,1.33,0
152.86,287.48,1.13,1
152.93,425.82,0.89,1
153.6,292.85,1.29,0
154.69,106.72,0.94,0
154.93,446.27,1.25,0
156.31,416.85,0.85,0
156.34,220.52,0.85,0
156.42,7.16,1.21,0
156.53,126.03,1.04,0
156.63,175.2,1.22,0
156.74,201.13,1.31,0
157.0,53.98,1.3,1
157.93,29.23,0.99,1
158.19,494.5,1.26,1
159.73,73.44,0.91,0
160.0,19.24,1.01,1
160.1,451.74,0.96,0
160.21,474.84,1.12,0
161.05,296.88,0.9,1
162.09,460.57,1.06,1
162.31,191.26,1.05,1
162.76,180.65,0.92,1
163.12,114.4,1.34,0
164.43,213.68,0.98,1
164.68,432.6,1.06,1
165.27,232.69,0.89,1
165.97,82.27,1.07,1
165.97,335.0,1.07,1
166.06,203.29,1.25,0
166.22,28.63,1.32,1
167.45,485.79,1.13,1
167.67,220.74,0.98,0
170.5,23.55,0.93,1
170.84,36.82,1.18,1
171.03,14.55,1.23,0
171.58,280.39,1.11,1
171.61,114.92,0.9,0
171.63,298.43,0.82,1
171.68,68.22,1.25,0
171.69,189.79,0.81,0
172.08,488.79,1.07,0
172.27,97.06,0.95,0
174.3,219.44,0.86,1
174.62,225.83,0.84,0
175.22,407.17,0.95,1
175.56,206.3,1.17,0
175.68,134.8,0.91,1
176.15,109.47,0.97,0
176.59,184.7,1.04,0
176.6,195.73,0.81,0
177.42,6.2,0.91,0
178.42,290.44,0.97,1
178.49,77.05,1.16,1
178.72,35.72,1.04,1
178.79,398.32,0.94,0
180.07,205.87,0.93,0
180.71,280.31,1.13,0
180.84,226.25,0.98,1
181.46,435.56,1.08,0
182.78,45.7,1.28,0
184.26,84.49,1.04,0
184.48,24.78,1.06,1
184.68,449.05,1.28,1
184.73,460.37,1.29,1
185.5,98.2,1.32,1
186.16,110.08,1.2,0
186.65,443.97,0.82,0
187.44,52.41,1.3,1
188.65,491.76,1.15,1
189.71,124.59,0.94,1
191.74,264.11,1.14,1
191.99,303.57,1.3,0
192.43,453.88,0.91,1
193.59,461.89,1.28,1
194.18,468.44,0.82,0
194.87,438.59,0.8,1
194.88,132.87,1.33,1
194.91,116.3,0.85,0
195.08,109.19,1.2,0
196.48,334.09,0.83,1
197.29,65.64,1.27,1
197.94,431.25,1.23,1
197.97,147.31,0.85,1
200.02,465.32,1.24,1
200.85,445.7,1.17,1
201.61,123.94,1.23,1
202.77,129.06,0.99,1
202.98,54.06,1.28,0
203.17,459.81,0.98,1
204.01,349.19,1.07,0
204.58,153.51,1.34,1
204.68,435.64,0.92,0
205.57,141.3,0.94,1
206.1,427.19,1.29,0
206.32,82.51,1.25,0
208.15,177.09,0.98,1
208.98,114.89,0.83,0
209.42,121.91,1.21,0
209.79,475.12,1.09,1
210.26,237.43,0.87,0
211.64,70.39,0.96,1
211.71,447.3,1.24,1
212.1,265.51,1.24,0
212.14,256.61,0.92,1
212.59,134.47,1.21,0
212.91,283.15,0.86,1
213.17,423.54,1.23,1
213.7,163.89,0.91,1
213.88,92.8,1.13,1
214.05,250.8,1.09,0
214.31,59.15,0.84,1
214.79,275.28,1.05,1
214.91,188.27,1.33,0
215.18,145.74,1.16,1
215.45,104.55,0.87,0
216.49,445.35,1.26,1
216.56,74.97,1.09,1
216.57,120.43,1.23,0
216.69,228.02,0.88,1
216.78,479.94,1.05,1
217.46,113.89,1.18,1
217.52,467.11,1.07,0
218.38,432.14,1.28,1
218.72,340.2,1.25,0
218.93,85.08,0.83,1
219.11,243.86,0.83,0
220.12,221.75,1.08,1
220.28,271.54,1.13,0
220.85,422.72,1.03,0
221.33,456.52,1.34,0
221.42,97.85,1.01,0
221.42,105.03,1.19,0
222.49,415.29,0.84,1
222.81,261.18,0.9,1
222.82,285.31,0.95,1
223.75,155.92,0.91,1
224.39,112.53,1.26,0
224.57,89.23,1.14,0
224.59,431.09,1.07,1
224.78,169.49,1.32,1
225.11,147.52,0.95,1
225.34,75.91,0.93,1
225.48,476.36,1.3,0
225.63,278.14,1.31,0
225.95,252.9,1.3,1
226.43,313.96,0.9,1
226.47,56.11,0.98,1
226.65,200.27,0.87,1
226.79,45.7,1.0,0
227.68,235.54,0.84,1
228.25,418.51,0.99,1
228.38,448.03,1.08,0
228.84,466.0,1.06,1
228.91,409.35,1.22,1
229.18,182.41,1.01,1
229.28,105.85,1.26,1
229.84,33.03,0.82,0
230.13,289.39,1.19,0
230.19,436.87,1.03,0
230.41,269.39,0.83,0
230.98,221.4,0.81,0
231.06,23.06,0.95,0
231.11,383.97,0.96,0
231.17,120.84,0.99,1
231.48,391.37,0.87,0
231.68,374.6,1.28,0
231.99,403.73,1.13,0
232.53,53.8,1.28,0
232.6,257.02,1.29,0
233.37,148.94,0.89,1
233.55,233.24,1.13,1
233.73,160.83,0.94,1
234.3,128.83,1.1,0
234.49,360.43,1.25,0
236.08,11.75,1.07,1
236.45,484.58,1.06,0
236.51,457.32,0.85,0
236.87,245.41,1.28,1
237.13,224.16,0.97,1
237.51,41.69,1.18,1
237.78,265.16,1.04,1
238.02,369.06,1.29,0
238.82,76.83,1.13,1
238.83,29.51,1.3,1
239.24,401.3,1.15,0
239.38,433.21,0.9,0
239.47,443.27,1.18,0
239.84,281.63,0.99,0
239.86,123.27,1.21,1
240.47,232.76,1.08,1
240.77,359.46,0.86,0
240.93,147.49,0.95,1
240.99,468.39,0.81,0
241.36,58.9,1.12,1
242.34,379.83,1.08,0
242.69,308.01,1.08,0
243.5,385.54,0.8,0
243.63,22.45,0.82,1
244.66,9.69,1.0,1
245.17,85.11,0.9,0
245.47,40.36,1.01,1
245.94,371.59,0.98,0
245.95,270.48,1.13,0
246.41,78.96,1.09,0
246.72,488.88,0.94,0
247.45,135.61,1.23,0
248.04,276.15,0.84,1
248.47,250.44,0.87,1
248.8,146.44,0.95,0
249.05,64.4,1.18,0
249.7,445.0,0.97,0
249.9,49.36,0.94,1
250.44,28.26,1.15,0
250.56,308.17,1.3,1
250.63,17.85,1.13,0
251.74,362.59,0.81,0
252.19,487.31,1.06,1
252.99,299.58,1.12,0
253.03,261.81,1.32,0
253.19,437.63,1.01,1
253.22,377.96,1.27,1
253.42,38.02,1.12,1
253.68,138.4,1.05,1
255.0,89.36,1.0,0
255.16,290.09,1.3,1
255.19,471.49,1.02,0
255.9,427.81,0.92,1
256.03,144.53,1.19,1
256.49,60.56,1.15,1
256.63,456.53,0.8,0
257.0,304.3,0.81,1
257.52,368.35,1.14,1
257.58,235.47,1.27,0
257.72,16.36,1.1,0
257.78,73.83,1.34,0
258.31,277.97,1.21,0
259.53,26.81,1.3,1
260.03,55.06,1.09,0
260.05,246.96,1.18,1
261.06,443.33,0.9,1
261.21,45.57,1.2,0
261.66,265.94,0.86,0
261.71,82.62,1.31,1
262.16,297.64,1.32,1
262.67,493.38,0.96,0
262.82,93.77,1.21,0
263.03,483.33,0.83,1
263.07,470.63,0.87,0
264.24,63.99,1.11,0
264.67,33.78,1.18,1
265.18,290.93,1.05,0
265.53,110.64,0.9,1
265.53,453.18,0.81,0
266.9,272.97,0.97,1
267.33,257.52,0.97,0
268.09,367.19,1.04,0
268.14,442.53,0.87,0
270.73,474.93,1.27,1
270.93,84.7,1.11,1
271.15,235.82,0.81,0
271.39,435.15,0.81,0
273.02,280.08,1.29,1
273.26,248.56,1.29,1
273.63,75.89,0.92,1
274.33,189.45,1.16,1
274.74,307.78,0.84,1
276.1,314.0,1.31,1
276.1,471.6,1.07,1
276.17,90.14,1.22,0
276.36,477.33,1.31,0
276.74,9.93,0.89,0
277.96,421.17,1.34,1
278.16,452.19,1.18,0
278.71,236.07,1.04,0
279.07,493.11,1.23,1
280.43,486.77,0.89,0
280.61,440.06,0.82,0
284.36,474.45,0.85,1
284.52,493.72,0.99,1
284.75,308.32,0.98,1
286.37,435.38,1.0,0
286.5,421.41,1.03,0
286.76,295.18,1.3,1
286.88,282.18,1.08,1
287.54,467.51,1.28,1
287.69,450.88,1.14,1
290.79,480.74,0.99,0
292.82,451.13,1.05,1
292.99,297.25,1.18,0
293.5,470.95,1.17,1
294.35,201.18,0.93,1
295.36,440.03,1.28,0
295.48,462.39,1.28,0
297.18,133.45,0.9,1
299.13,488.04,1.32,0
299.31,19.3,0.96,1
300.74,293.62,0.97,0
301.68,441.83,1.07,0
301.92,425.0,1.06,1
302.01,300.42,1.24,1
302.27,463.66,1.19,1
302.91,472.22,0.88,1
303.97,152.82,1.21,0
304.06,69.45,0.93,1
304.21,487.84,1.22,0
305.03,494.18,1.08,0
308.72,447.66,1.25,0
309.96,473.86,0.93,1
312.67,434.5,1.15,0
312.72,480.84,1.03,0
314.35,489.9,1.01,0
314.53,415.72,0.92,0
316.36,319.79,1.07,1
317.13,461.67,1.32,1
317.54,377.67,1.26,1
319.9,421.91,1.18,1
320.41,400.74,1.25,1
320.47,450.2,0.83,0
320.87,248.63,0.98,1
321.8,409.57,1.16,0
322.5,476.31,1.04,1
323.97,441.93,1.05,0
324.01,429.49,1.02,1
324.06,420.82,1.04,0
324.11,271.06,1.26,1
328.17,73.39,0.89,1
328.55,476.71,1.06,1
329.07,486.89,1.19,0
329.23,387.81,1.19,0
330.03,379.61,1.13,1
330.09,214.35,1.1,0
330.4,392.83,1.2,1
331.55,47.6,1.09,0
331.89,409.36,1.01,1
332.89,146.1,1.1,1
334.45,198.42,0.95,0
334.65,422.84,0.96,1
334.67,492.52,1.06,1
335.31,191.61,1.13,0
335.79,224.73,1.17,0
336.85,484.85,1.11,1
337.05,69.3,0.89,1
337.37,430.34,0.89,0
337.5,60.29,1.04,1
337.57,33.14,1.32,0
338.3,335.76,1.03,1
338.88,239.09,0.97,1
339.23,367.73,1.19,0
341.01,384.14,1.25,0
341.4,404.13,1.32,0
341.99,220.07,0.87,1
342.37,413.19,1.18,1
342.76,124.28,1.14,1
342.84,192.04,1.22,0
343.03,214.47,0.96,1
343.67,40.49,1.0,0
344.28,238.23,1.14,0
344.46,365.83,1.0,0
345.37,26.46,1.26,0
345.4,485.95,0.88,1
345.49,423.75,1.22,0
345.88,185.98,1.15,0
345.94,48.19,1.17,0
346.58,200.89,0.83,0
346.8,134.89,1.28,0
347.66,394.92,1.0,1
348.15,231.61,1.32,1
348.21,352.13,1.04,0
348.4,41.98,1.24,1
348.56,178.96,0.95,1
349.47,18.91,0.93,1
350.33,144.29,0.86,0
350.53,121.32,1.17,0
351.09,114.8,1.07,0
351.76,385.39,1.22,0
351.83,400.35,1.26,1
352.4,371.13,0.84,0
354.11,185.73,1.18,0
354.6,33.13,0.88,0
354.76,489.36,0.98,1
355.42,408.97,1.19,0
356.17,66.71,0.89,0
356.35,53.72,0.81,1
356.98,73.83,1.35,1
357.0,132.12,1.11,0
357.98,222.43,1.13,0
358.21,200.33,1.21,1
358.42,171.72,1.09,1
358.47,304.75,0.99,0
358.78,141.15,0.99,0
358.81,11.02,1.02,1
359.25,194.7,1.26,0
359.48,119.88,0.99,1
359.81,177.92,0.91,0
360.16,43.03,0.9,0
360.34,18.97,1.21,0
360.39,407.39,0.91,0
361.25,489.67,1.28,0
361.91,378.9,1.16,0
362.53,126.01,0.98,0
363.59,386.31,1.29,0
364.24,48.85,1.27,1
364.29,75.33,1.01,0
364.74,25.25,0.8,0
364.8,169.81,1.0,1
365.37,57.1,0.91,1
365.9,158.26,1.05,0
366.1,181.72,0.99,0
366.45,6.26,0.92,1
367.49,412.72,0.92,0
368.0,196.35,0.86,0
369.49,377.21,0.83,0
369.52,398.6,0.83,1
369.53,407.18,0.85,1
369.98,40.98,1.21,1
370.16,391.1,1.19,0
370.45,207.44,1.26,1
371.46,14.9,0.98,0
371.56,325.69,1.29,1
372.3,27.16,1.3,0
372.52,132.55,0.96,0
372.62,370.6,1.13,0
372.64,363.14,1.11,0
373.83,34.43,0.88,1
373.91,222.12,1.3,0
374.02,124.62,0.87,1
374.35,61.17,1.3,1
374.84,172.9,1.02,1
375.0,142.13,1.2,1
375.18,215.85,0.98,1
375.23,52.68,1.09,1
375.53,413.51,0.98,1
375.97,266.97,1.25,0
377.07,380.33,0.82,0
377.3,346.56,0.99,0
378.28,46.51,1.16,1
378.92,395.6,1.05,1
379.0,196.67,0.83,0
379.15,454.76,0.94,1
379.16,180.18,0.98,0
379.68,163.1,1.07,0
380.22,368.44,1.32,0
381.98,25.87,1.05,0
382.17,118.95,0.9,1
382.5,172.52,1.28,0
382.57,98.15,1.22,0
383.28,54.6,1.12,0
383.45,130.54,1.13,0
383.81,149.54,1.08,0
384.56,46.11,1.01,1
384.75,200.9,1.26,1
385.31,17.41,1.19,0
386.4,389.35,1.14,1
386.64,10.42,1.13,0
386.88,403.67,0.83,0
387.08,163.69,1.34,1
387.14,383.42,0.86,1
387.77,61.53,1.24,0
387.85,109.61,1.11,1
388.73,154.2,1.15,0
389.03,176.27,1.03,0
389.49,53.23,1.27,0
389.98,132.55,1.14,0
390.88,102.71,0.92,1
391.64,124.21,0.88,0
392.0,457.72,1.0,0
392.05,32.11,0.99,1
392.3,185.77,1.23,1
392.36,76.43,0.8,1
392.64,16.12,0.9,0
393.12,110.74,0.87,0
393.43,414.03,1.2,0
393.6,24.61,1.08,0
393.77,194.3,1.03,0
394.4,382.13,1.03,1
396.37,136.75,0.97,1
396.51,40.95,0.87,0
396.59,125.03,1.07,1
397.11,153.12,1.01,0
398.4,281.52,0.86,0
399.31,399.44,0.84,0
399.87,63.84,1.07,1
401.12,455.27,1.34,1
401.61,53.55,0.89,0
402.45,69.53,1.18,0
402.6,33.27,1.12,0
402.74,408.28,1.24,1
403.13,324.71,1.29,1
403.15,447.27,1.28,1
403.54,98.82,0.86,0
404.0,430.97,0.85,0
404.38,375.19,0.83,1
404.51,83.03,0.82,1
404.69,391.46,1.18,1
405.54,403.9,1.24,1
405.55,5.41,1.33,1
405.58,113.0,1.17,0
406.14,137.35,1.19,0
407.15,381.81,1.16,1
407.64,17.45,1.08,0
408.27,409.75,0.98,0
408.83,146.42,1.09,0
409.05,470.0,1.11,1
409.11,51.6,1.09,1
409.51,59.82,1.26,0
409.66,441.91,1.29,1
409.84,448.41,0.83,0
410.45,152.4,0.89,1
411.55,120.06,1.22,0
411.76,71.52,1.09,0
411.92,24.7,1.08,0
413.82,38.71,1.05,0
415.28,460.84,1.13,0
415.7,16.79,1.33,1
415.93,11.15,0.82,0
416.12,431.03,1.31,0
416.15,88.64,0.97,1
417.02,408.7,0.83,1
417.93,132.14,0.98,1
418.2,455.04,1.14,0
418.34,144.3,1.28,1
419.14,155.38,1.27,1
419.6,114.64,1.05,1
419.96,419.32,1.13,0
420.11,54.62,0.82,1
420.15,100.16,1.26,0
420.39,437.65,0.86,0
420.53,82.11,0.82,0
420.64,122.52,0.86,1
421.7,39.32,1.16,0
424.03,259.08,1.07,1
424.39,213.91,0.93,0
424.55,60.93,1.25,1
424.56,69.49,0.96,0
424.86,419.43,1.08,1
426.16,90.73,1.14,0
427.09,399.66,0.97,0
428.15,409.46,1.06,0
428.43,82.9,1.28,0
431.11,237.45,1.12,0
431.33,45.45,1.35,0
433.83,421.69,1.2,0
434.71,331.77,0.98,1
435.27,222.33,1.08,1
435.53,430.42,0.95,0
436.0,405.38,1.05,0
436.67,342.59,0.84,1
437.18,57.03,1.08,0
437.62,210.45,0.88,1
437.89,66.39,1.26,1
438.87,76.42,0.86,1
439.61,317.64,1.12,0
441.41,232.13,0.96,1
441.76,331.38,1.34,1
443.67,437.28,1.18,0
444.25,426.63,0.97,1
444.83,74.34,1.3,1
444.89,89.66,0.91,1
445.22,412.41,0.81,1
445.27,341.58,0.84,1
446.28,61.6,1.02,0
446.62,243.1,1.11,0
446.77,471.94,1.0,1
447.27,224.44,1.34,1
447.29,99.0,1.07,1
447.56,316.15,1.23,0
448.52,405.76,1.2,0
449.69,299.66,1.2,1
451.59,391.29,1.33,0
452.0,468.67,1.31,1
452.33,71.57,0.97,0
452.34,479.6,1.31,1
452.55,414.59,1.31,0
452.82,217.37,1.25,1
452.91,459.16,0.95,1
453.16,437.14,0.99,1
453.54,236.6,0.84,1
453.67,207.89,1.08,1
454.22,154.83,1.28,1
455.48,330.49,1.07,1
456.63,105.1,1.14,0
456.68,91.37,0.91,1
457.15,399.76,0.95,1
458.34,298.66,1.1,1
459.26,305.5,1.18,0
459.95,250.13,1.3,0
460.06,457.22,0.97,0
460.17,387.33,1.19,0
460.35,205.07,1.02,0
460.9,223.44,1.27,0
460.98,439.82,1.23,0
461.32,420.85,0.99,0
461.65,5.88,0.96,1
461.9,466.75,1.16,1
461.97,316.38,1.26,0
462.2,97.44,1.19,1
462.79,242.5,1.07,0
462.9,344.24,1.32,0
464.23,118.49,1.32,1
464.84,308.75,1.3,1
465.05,325.05,1.12,1
465.57,85.83,1.32,1
465.96,413.12,1.11,0
466.01,248.58,0.97,1
466.04,476.9,1.04,1
466.34,186.89,0.83,0
466.55,105.09,1.07,0
467.53,407.8,1.03,1
468.29,71.48,1.33,0
468.32,192.31,0.88,1
468.35,137.51,1.18,1
468.85,423.6,0.82,0
470.47,397.66,1.15,1
470.87,343.01,1.2,0
471.02,238.62,1.23,0
471.18,99.2,0.83,1
471.44,216.13,0.97,1
471.46,156.64,1.16,0
472.0,246.86,0.94,1
472.2,300.51,0.89,0
472.57,458.01,0.89,1
472.83,386.34,1.21,1
473.3,126.3,1.3,1
473.32,485.51,0.93,1
473.42,114.71,1.2,1
473.44,167.69,0.92,0
474.4,275.36,0.84,0
474.57,252.59,1.01,1
475.79,448.39,0.94,1
475.92,414.85,0.91,0
476.04,235.88,1.21,1
476.22,7.91,1.14,0
476.28,196.11,1.1,0
476.52,327.25,0.88,1
476.52,431.43,1.07,1
476.57,345.06,0.95,1
476.61,295.52,1.01,0
477.03,264.69,1.01,0
477.05,172.22,1.07,1
477.69,190.1,1.21,1
478.32,465.27,1.23,1
478.48,442.29,0.92,1
478.49,146.6,1.19,1
478.83,333.93,1.2,0
478.99,280.45,1.05,0
479.15,406.85,0.96,1
479.31,397.97,1.32,1
480.19,166.05,1.14,1
480.43,104.67,1.27,0
480.73,483.77,1.3,0
481.24,117.39,1.06,1
481.51,361.8,0.89,0
482.58,455.17,1.14,0
482.75,379.49,1.15,1
483.14,305.4,0.99,0
483.71,368.04,1.17,0
483.74,209.11,1.19,0
484.1,339.95,0.92,0
484.2,271.0,0.97,0
484.81,172.4,1.11,0
485.09,147.68,1.32,0
485.16,294.49,1.16,0
486.05,431.27,1.07,1
486.23,236.46,1.04,1
486.26,135.77,1.16,1
486.43,490.28,1.01,1
486.57,329.02,1.21,0
486.61,7.64,0.93,1
486.78,473.92,1.03,1
486.9,410.38,0.89,0
486.95,225.23,1.12,0
487.12,345.51,0.92,1
487.13,400.27,1.18,0
487.15,312.48,1.02,0
487.56,192.22,1.11,1
487.58,180.12,1.09,0
487.88,442.1,0.85,0
488.05,248.04,1.35,1
488.06,152.44,0.97,0
488.82,206.55,0.88,0
488.95,384.99,0.86,1
489.13,367.51,0.86,0
489.94,461.66,0.86,1
491.21,418.85,1.02,1
491.51,120.77,0.85,1
492.05,114.05,1.2,1
492.17,5.11,1.06,0
492.28,215.91,1.07,1
492.35,339.62,1.15,0
492.63,306.81,1.18,0
492.71,169.0,0.92,1
492.83,471.69,0.94,1
493.19,327.63,1.16,0
493.22,490.96,1.33,1
493.48,449.09,1.25,0
493.87,375.31,0.91,0
493.99,97.93,1.16,1
